level,ds_type,chunk_size,pipeline_category,pipeline_base_name,operator_name,row_count,sample_count,skipped_count,rmse,mae,mape,accuracy,actual_time_sum,pred_time_sum
overall,,,,,,36659,36659,0,4.177186144855649,1.1485819672013744,24.26130896953063,75.73869103046937,126183.368,149614.4069107771
by_ds_type,audio,,,,,4235,4235,0,12.076702077453355,6.5600000750851315,57.44709750282792,42.55290249717208,58927.743,83254.55736589432
by_ds_type,image,,,,,21804,21804,0,0.9710170460353986,0.540982654672438,23.328869973429786,76.67113002657021,48141.55099999999,45867.87919151783
by_ds_type,text,,,,,10620,10620,0,0.36814037591436233,0.2381054816545964,12.942013812512627,87.05798618748737,19114.074,20491.970353364944
by_chunk_size,,100.0,,,,20341,20341,0,4.906900785117309,1.2964457408853363,26.54201275633055,73.45798724366945,50962.691,70711.40501987934
by_chunk_size,,200.0,,,,10176,10176,0,3.0504363104757037,0.9940771483253198,22.805636518235044,77.19436348176495,34285.151999999995,39290.123475670815
by_chunk_size,,500.0,,,,4091,4091,0,1.921576519230842,0.7467924434167194,19.456085742801992,80.54391425719801,22654.683,22805.501185774803
by_chunk_size,,1000.0,,,,2051,2051,0,4.421672398552691,1.2501250964945436,18.44916628675817,81.55083371324183,18280.841999999997,16807.377229452133
by_ds_type_chunk_size,audio,100.0,,,,2343,2343,0,14.309293732960624,8.19183503810412,76.6525697439961,23.347430256003904,17664.31,36591.312586307526
by_ds_type_chunk_size,audio,200.0,,,,1177,1177,0,8.715011534902306,5.044281267491861,42.52740216524475,57.47259783475525,14963.079,20761.77391719818
by_ds_type_chunk_size,audio,500.0,,,,473,473,0,5.139408222819237,2.6620382382552163,21.22931786643996,78.77068213356004,13401.372,13996.411576509476
by_ds_type_chunk_size,audio,1000.0,,,,242,242,0,12.20172204206106,5.751519360227033,14.856476508157815,85.14352349184219,12898.982000000002,11905.059285879135
by_ds_type_chunk_size,image,100.0,,,,12098,12098,0,0.8715708304929644,0.47466456316246197,23.241762204021637,76.75823779597836,22884.233999999997,22925.82935810089
by_ds_type_chunk_size,image,200.0,,,,6049,6049,0,0.8995338904141944,0.5780249436842467,24.096528713698483,75.90347128630151,13924.289,12795.008222103119
by_ds_type_chunk_size,image,500.0,,,,2438,2438,0,1.0061418880483937,0.6236420425410345,22.50456250505371,77.49543749494629,7057.963,6444.380624294281
by_ds_type_chunk_size,image,1000.0,,,,1219,1219,0,1.8127472414152213,0.8500260322209358,22.03266298599361,77.96733701400639,4275.0650000000005,3702.660987019539
by_ds_type_chunk_size,text,100.0,,,,5900,5900,0,0.3752687560079038,0.24322736202223827,13.409368037641181,86.59063196235881,10414.147,11194.263075470924
by_ds_type_chunk_size,text,200.0,,,,2950,2950,0,0.36817489136759923,0.23123292378797372,12.290000905730382,87.70999909426962,5397.784,5733.3413363695145
by_ds_type_chunk_size,text,500.0,,,,1180,1180,0,0.3495826848639992,0.23351228780342362,12.44682714886092,87.55317285113908,2195.348,2364.7089849710464
by_ds_type_chunk_size,text,1000.0,,,,590,590,0,0.33022083848882966,0.2304358550136372,12.518909422441698,87.4810905775583,1106.795,1199.6569565534592
by_pipeline_category,audio,,filter-heavy,,,1540,1540,0,12.708751316880845,6.465575957108783,61.48509556058337,38.51490443941663,15001.672999999999,24443.170632600784
by_pipeline_category,audio,,mapper-heavy,,,1155,1155,0,12.077397797665386,7.873031469092431,76.68423757353665,23.31576242646335,24008.415999999997,31389.907306671143
by_pipeline_category,audio,,mixed,,,1540,1540,0,11.409141191570765,5.669650647556008,38.981244392040935,61.018755607959065,19917.654000000002,27421.47942662239
by_pipeline_category,image,,filter-heavy,,,7584,7584,0,0.445032157442459,0.2621236392587801,19.186310984771936,80.81368901522806,9015.544,10014.856917500496
by_pipeline_category,image,,mapper-heavy,,,6636,6636,0,1.4968054157524953,0.9321618937371078,27.850458835505073,72.14954116449493,25171.148,23128.214861392975
by_pipeline_category,image,,mixed,,,7584,7584,0,0.7431932998264182,0.4775598359045097,23.515038707771772,76.48496129222823,13954.859,12724.80741262436
by_pipeline_category,text,,filter-heavy,,,4140,4140,0,0.3020811366853193,0.17766799008005482,7.770582621956012,92.22941737804399,8812.524000000001,8686.884588718414
by_pipeline_category,text,,mapper-heavy,,,2880,2880,0,0.3843774961613832,0.3221782128638691,19.625201215829964,80.37479878417004,5299.902,6123.960641384125
by_pipeline_category,text,,mixed,,,3600,3600,0,0.420318723779576,0.24035041199790108,13.542609758998859,86.45739024100114,5001.648,5681.125123262405
by_pipeline_category_chunk_size,audio,100.0,filter-heavy,,,852,852,0,15.277496177976392,8.148097047763251,81.52090232568169,18.47909767431831,4722.846,11519.163132429123
by_pipeline_category_chunk_size,audio,200.0,filter-heavy,,,428,428,0,9.977431188064376,5.454394368684181,48.01040040542385,51.98959959457615,3795.616,6055.419432401657
by_pipeline_category_chunk_size,audio,500.0,filter-heavy,,,172,172,0,5.427998082967087,2.776168331390204,21.776643015362684,78.22335698463732,3355.197,3781.8568563461304
by_pipeline_category_chunk_size,audio,1000.0,filter-heavy,,,88,88,0,4.995374662233954,2.3048471188328477,10.65005010970229,89.34994989029771,3128.014,3086.731211423874
by_pipeline_category_chunk_size,audio,100.0,mapper-heavy,,,639,639,0,13.415098160330105,9.260798631891957,102.471008669704,-2.4710086697040055,6831.046,12748.696325778961
by_pipeline_category_chunk_size,audio,200.0,mapper-heavy,,,321,321,0,9.123343682008041,6.229808390727296,56.349530320211976,43.650469679788024,6077.365,8077.133493423462
by_pipeline_category_chunk_size,audio,500.0,mapper-heavy,,,129,129,0,5.997441934249772,3.4977324103421945,26.095695652534484,73.90430434746551,5615.635,5658.3594217300415
by_pipeline_category_chunk_size,audio,1000.0,mapper-heavy,,,66,66,0,18.30558652435496,10.98068252523018,24.799634629226684,75.20036537077331,5484.370000000001,4905.718065738678
by_pipeline_category_chunk_size,audio,100.0,mixed,,,852,852,0,13.953607281554463,7.433850333104111,52.4204079680296,47.5795920319704,6110.418,12323.453128099442
by_pipeline_category_chunk_size,audio,200.0,mixed,,,428,428,0,6.847681255686769,3.7450228238729677,26.677807808840235,73.32219219115976,5090.098,6629.220991373062
by_pipeline_category_chunk_size,audio,500.0,mixed,,,172,172,0,4.024552884164013,1.9211375160549968,17.03220937794634,82.96779062205366,4430.539999999999,4556.195298433304
by_pipeline_category_chunk_size,audio,1000.0,mixed,,,88,88,0,11.539103763319455,5.27631922786886,11.605534315811685,88.39446568418832,4286.598,3912.6100087165833
by_pipeline_category_chunk_size,image,100.0,filter-heavy,,,4208,4208,0,0.43251463116022276,0.2644754828151188,20.004596808537404,79.9954031914626,4903.845,5597.105415821075
by_pipeline_category_chunk_size,image,200.0,filter-heavy,,,2104,2104,0,0.4041098811799256,0.24529989591524176,17.976490274385934,82.02350972561406,2440.197,2644.8502613306046
by_pipeline_category_chunk_size,image,500.0,filter-heavy,,,848,848,0,0.457529649704071,0.2526026614960635,17.19414334610539,82.80585665389461,1049.777,1106.3252543210983
by_pipeline_category_chunk_size,image,1000.0,filter-heavy,,,424,424,0,0.6759771198793152,0.3413085153260321,21.052995385329144,78.94700461467086,621.725,666.5759860277176
by_pipeline_category_chunk_size,image,100.0,mapper-heavy,,,3682,3682,0,1.342222862586282,0.7883701037081086,28.285563692984518,71.71443630701549,10660.338,10337.297515153885
by_pipeline_category_chunk_size,image,200.0,mapper-heavy,,,1841,1841,0,1.3432009755928422,0.9652864289312243,28.286137119036,71.713862880964,7503.132,6732.131749868393
by_pipeline_category_chunk_size,image,500.0,mapper-heavy,,,742,742,0,1.5747917188704512,1.17157395400127,27.168470550463567,72.83152944953643,4349.705,3871.721472978592
by_pipeline_category_chunk_size,image,1000.0,mapper-heavy,,,371,371,0,2.8777748650002763,1.7160307694201202,22.734274205534742,77.26572579446525,2657.973,2187.064123392105
by_pipeline_category_chunk_size,image,100.0,mixed,,,4208,4208,0,0.6484726911883029,0.4103612955323644,22.065601296663353,77.93439870333665,7320.0509999999995,6991.426427125931
by_pipeline_category_chunk_size,image,200.0,mixed,,,2104,2104,0,0.7644399637734833,0.5718961918621461,26.5506597983407,73.4493402016593,3980.96,3418.0262109041214
by_pipeline_category_chunk_size,image,500.0,mixed,,,848,848,0,0.7287784923024617,0.5152410010582996,23.734062124268412,76.2659378757316,1658.4810000000002,1466.3338969945908
by_pipeline_category_chunk_size,image,1000.0,mixed,,,424,424,0,1.320631059415876,0.6009894040665537,22.398420769559593,77.60157923044041,995.367,849.0208775997162
by_pipeline_category_chunk_size,text,100.0,filter-heavy,,,2300,2300,0,0.32084386376897017,0.18563078847180242,7.990528345938225,92.00947165406177,4846.589,4758.7053879499435
by_pipeline_category_chunk_size,text,200.0,filter-heavy,,,1150,1150,0,0.29363441133181534,0.17467683670209802,7.601046164390493,92.3989538356095,2477.788,2429.2616894245148
by_pipeline_category_chunk_size,text,500.0,filter-heavy,,,460,460,0,0.2530108286173458,0.15768323984353436,7.236197826176884,92.76380217382311,994.9770000000001,994.5804458856583
by_pipeline_category_chunk_size,text,1000.0,filter-heavy,,,230,230,0,0.23240393923405525,0.1529652735254039,7.487577261519737,92.51242273848027,493.16999999999996,504.33706545829773
by_pipeline_category_chunk_size,text,100.0,mapper-heavy,,,1600,1600,0,0.38534464575750704,0.3294405183231831,20.88658845224839,79.11341154775161,2809.383,3276.778665781021
by_pipeline_category_chunk_size,text,200.0,mapper-heavy,,,800,800,0,0.35938528375005696,0.29084533831357956,17.170087912048462,82.82991208795154,1540.504,1739.6626589298248
by_pipeline_category_chunk_size,text,500.0,mapper-heavy,,,320,320,0,0.4128802140923857,0.3437335974752903,19.219963599887198,80.7800364001128,632.4259999999999,734.6768786907196
by_pipeline_category_chunk_size,text,1000.0,mapper-heavy,,,160,160,0,0.433353272281422,0.3631087617993355,20.097370602438843,79.90262939756116,317.58900000000006,372.8424379825592
by_pipeline_category_chunk_size,text,100.0,mixed,,,2000,2000,0,0.4222135552990434,0.24049289656448364,13.65925735141382,86.34074264858619,2758.1749999999997,3158.7790217399597
by_pipeline_category_chunk_size,text,200.0,mixed,,,1000,1000,0,0.444297249577529,0.24858249231624605,13.778229253216793,86.2217707467832,1379.4920000000002,1564.4169880151749
by_pipeline_category_chunk_size,text,500.0,mixed,,,400,400,0,0.3879704237875224,0.23253864521980286,13.020541709126537,86.97945829087347,567.9449999999999,635.4516603946686
by_pipeline_category_chunk_size,text,1000.0,mixed,,,200,200,0,0.33065955288383625,0.2133886982965469,12.242172463504241,87.75782753649575,296.03600000000006,322.47745311260223
by_pipeline_chunk_size,audio,100.0,mixed,audio_pipeline_1781071552218,,852,852,0,13.953607281554463,7.433850333104111,52.4204079680296,47.5795920319704,6110.418,12323.453128099442
by_pipeline_chunk_size,audio,200.0,mixed,audio_pipeline_1781071552218,,428,428,0,6.847681255686769,3.7450228238729677,26.677807808840235,73.32219219115976,5090.098,6629.220991373062
by_pipeline_chunk_size,audio,500.0,mixed,audio_pipeline_1781071552218,,172,172,0,4.024552884164013,1.9211375160549968,17.03220937794634,82.96779062205366,4430.539999999999,4556.195298433304
by_pipeline_chunk_size,audio,1000.0,mixed,audio_pipeline_1781071552218,,88,88,0,11.539103763319455,5.27631922786886,11.605534315811685,88.39446568418832,4286.598,3912.6100087165833
by_pipeline_chunk_size,audio,100.0,filter-heavy,audio_pipeline_1781071552228,,852,852,0,15.277496177976392,8.148097047763251,81.52090232568169,18.47909767431831,4722.846,11519.163132429123
by_pipeline_chunk_size,audio,200.0,filter-heavy,audio_pipeline_1781071552228,,428,428,0,9.977431188064376,5.454394368684181,48.01040040542385,51.98959959457615,3795.616,6055.419432401657
by_pipeline_chunk_size,audio,500.0,filter-heavy,audio_pipeline_1781071552228,,172,172,0,5.427998082967087,2.776168331390204,21.776643015362684,78.22335698463732,3355.197,3781.8568563461304
by_pipeline_chunk_size,audio,1000.0,filter-heavy,audio_pipeline_1781071552228,,88,88,0,4.995374662233954,2.3048471188328477,10.65005010970229,89.34994989029771,3128.014,3086.731211423874
by_pipeline_chunk_size,audio,100.0,mapper-heavy,audio_pipeline_1781071552263,,639,639,0,13.415098160330105,9.260798631891957,102.471008669704,-2.4710086697040055,6831.046,12748.696325778961
by_pipeline_chunk_size,audio,200.0,mapper-heavy,audio_pipeline_1781071552263,,321,321,0,9.123343682008041,6.229808390727296,56.349530320211976,43.650469679788024,6077.365,8077.133493423462
by_pipeline_chunk_size,audio,500.0,mapper-heavy,audio_pipeline_1781071552263,,129,129,0,5.997441934249772,3.4977324103421945,26.095695652534484,73.90430434746551,5615.635,5658.3594217300415
by_pipeline_chunk_size,audio,1000.0,mapper-heavy,audio_pipeline_1781071552263,,66,66,0,18.30558652435496,10.98068252523018,24.799634629226684,75.20036537077331,5484.370000000001,4905.718065738678
by_pipeline_chunk_size,image,100.0,mapper-heavy,image_pipeline_1781071560242,,3682,3682,0,1.342222862586282,0.7883701037081086,28.285563692984518,71.71443630701549,10660.338,10337.297515153885
by_pipeline_chunk_size,image,200.0,mapper-heavy,image_pipeline_1781071560242,,1841,1841,0,1.3432009755928422,0.9652864289312243,28.286137119036,71.713862880964,7503.132,6732.131749868393
by_pipeline_chunk_size,image,500.0,mapper-heavy,image_pipeline_1781071560242,,742,742,0,1.5747917188704512,1.17157395400127,27.168470550463567,72.83152944953643,4349.705,3871.721472978592
by_pipeline_chunk_size,image,1000.0,mapper-heavy,image_pipeline_1781071560242,,371,371,0,2.8777748650002763,1.7160307694201202,22.734274205534742,77.26572579446525,2657.973,2187.064123392105
by_pipeline_chunk_size,image,100.0,mixed,image_pipeline_1781071560252,,4208,4208,0,0.6484726911883029,0.4103612955323644,22.065601296663353,77.93439870333665,7320.0509999999995,6991.426427125931
by_pipeline_chunk_size,image,200.0,mixed,image_pipeline_1781071560252,,2104,2104,0,0.7644399637734833,0.5718961918621461,26.5506597983407,73.4493402016593,3980.96,3418.0262109041214
by_pipeline_chunk_size,image,500.0,mixed,image_pipeline_1781071560252,,848,848,0,0.7287784923024617,0.5152410010582996,23.734062124268412,76.2659378757316,1658.4810000000002,1466.3338969945908
by_pipeline_chunk_size,image,1000.0,mixed,image_pipeline_1781071560252,,424,424,0,1.320631059415876,0.6009894040665537,22.398420769559593,77.60157923044041,995.367,849.0208775997162
by_pipeline_chunk_size,image,100.0,filter-heavy,image_pipeline_1781071560263,,4208,4208,0,0.43251463116022276,0.2644754828151188,20.004596808537404,79.9954031914626,4903.845,5597.105415821075
by_pipeline_chunk_size,image,200.0,filter-heavy,image_pipeline_1781071560263,,2104,2104,0,0.4041098811799256,0.24529989591524176,17.976490274385934,82.02350972561406,2440.197,2644.8502613306046
by_pipeline_chunk_size,image,500.0,filter-heavy,image_pipeline_1781071560263,,848,848,0,0.457529649704071,0.2526026614960635,17.19414334610539,82.80585665389461,1049.777,1106.3252543210983
by_pipeline_chunk_size,image,1000.0,filter-heavy,image_pipeline_1781071560263,,424,424,0,0.6759771198793152,0.3413085153260321,21.052995385329144,78.94700461467086,621.725,666.5759860277176
by_pipeline_chunk_size,text,100.0,mapper-heavy,text_pipeline_1781071569367,,1600,1600,0,0.38534464575750704,0.3294405183231831,20.88658845224839,79.11341154775161,2809.383,3276.778665781021
by_pipeline_chunk_size,text,200.0,mapper-heavy,text_pipeline_1781071569367,,800,800,0,0.35938528375005696,0.29084533831357956,17.170087912048462,82.82991208795154,1540.504,1739.6626589298248
by_pipeline_chunk_size,text,500.0,mapper-heavy,text_pipeline_1781071569367,,320,320,0,0.4128802140923857,0.3437335974752903,19.219963599887198,80.7800364001128,632.4259999999999,734.6768786907196
by_pipeline_chunk_size,text,1000.0,mapper-heavy,text_pipeline_1781071569367,,160,160,0,0.433353272281422,0.3631087617993355,20.097370602438843,79.90262939756116,317.58900000000006,372.8424379825592
by_pipeline_chunk_size,text,100.0,mixed,text_pipeline_1781071569512,,2000,2000,0,0.4222135552990434,0.24049289656448364,13.65925735141382,86.34074264858619,2758.1749999999997,3158.7790217399597
by_pipeline_chunk_size,text,200.0,mixed,text_pipeline_1781071569512,,1000,1000,0,0.444297249577529,0.24858249231624605,13.778229253216793,86.2217707467832,1379.4920000000002,1564.4169880151749
by_pipeline_chunk_size,text,500.0,mixed,text_pipeline_1781071569512,,400,400,0,0.3879704237875224,0.23253864521980286,13.020541709126537,86.97945829087347,567.9449999999999,635.4516603946686
by_pipeline_chunk_size,text,1000.0,mixed,text_pipeline_1781071569512,,200,200,0,0.33065955288383625,0.2133886982965469,12.242172463504241,87.75782753649575,296.03600000000006,322.47745311260223
by_pipeline_chunk_size,text,100.0,filter-heavy,text_pipeline_1781071569701,,2300,2300,0,0.32084386376897017,0.18563078847180242,7.990528345938225,92.00947165406177,4846.589,4758.7053879499435
by_pipeline_chunk_size,text,200.0,filter-heavy,text_pipeline_1781071569701,,1150,1150,0,0.29363441133181534,0.17467683670209802,7.601046164390493,92.3989538356095,2477.788,2429.2616894245148
by_pipeline_chunk_size,text,500.0,filter-heavy,text_pipeline_1781071569701,,460,460,0,0.2530108286173458,0.15768323984353436,7.236197826176884,92.76380217382311,994.9770000000001,994.5804458856583
by_pipeline_chunk_size,text,1000.0,filter-heavy,text_pipeline_1781071569701,,230,230,0,0.23240393923405525,0.1529652735254039,7.487577261519737,92.51242273848027,493.16999999999996,504.33706545829773
by_operator,audio,,,,audio_add_gaussian_noise_mapper,385,385,0,1.0124018761480824,0.9966204011694177,35.67869854827106,64.32130145172894,1091.671,1475.3698544502258
by_operator,audio,,,,audio_duration_filter,1155,1155,0,1.0969873794216425,0.9552101624360849,30.746389529240638,69.25361047075936,3845.407,4941.9320340156555
by_operator,audio,,,,audio_ffmpeg_wrapped_mapper,770,770,0,2.3416821695136525,2.095259769719607,98.20048849076262,1.7995115092373766,2027.7920000000001,3517.865091562271
by_operator,audio,,,,audio_nmf_snr_filter,1155,1155,0,23.01098294349,21.166559389241534,93.42726250620096,6.572737493799039,50253.034,71841.25477218628
by_operator,audio,,,,audio_size_filter,770,770,0,0.31305223986517605,0.30377611514747915,13.65872044749301,86.34127955250699,1709.839,1478.1356136798859
by_operator,image,,,,image_aspect_ratio_filter,2844,2844,0,0.6846566511339057,0.5027275913871626,19.29026507124511,80.7097349287549,6713.539999999999,5377.42040014267
by_operator,image,,,,image_blur_mapper,948,948,0,0.22314094823022995,0.1738847579805157,17.21933481023235,82.78066518976765,921.825,908.2972458600998
by_operator,image,,,,image_deduplicator,2844,2844,0,1.3294838300679388,1.2832387606182178,78.4039986617927,21.5960013382073,4700.991,8350.021433353424
by_operator,image,,,,image_detection_yolo_mapper,948,948,0,0.2410414528911928,0.23366168559251457,25.270225916841603,74.72977408315839,870.5619999999999,654.3443003892899
by_operator,image,,,,image_face_count_filter,948,948,0,0.07108361842164133,0.05907578121458931,7.2813291591596485,92.71867084084035,751.713,702.1232511997223
by_operator,image,,,,image_face_ratio_filter,948,948,0,0.34954974154842455,0.130441173958879,13.690335403378048,86.30966459662196,801.03,740.7189463376999
by_operator,image,,,,image_nsfw_filter,948,948,0,0.3878202609126974,0.08703393359224504,5.4895130247626565,94.51048697523734,903.3340000000001,897.5826863050461
by_operator,image,,,,image_remove_background_mapper,1896,1896,0,0.26170935897272635,0.1714648169812271,9.783694999616147,90.21630500038385,3477.419,3326.192466855049
by_operator,image,,,,image_segment_mapper,2844,2844,0,1.3187424538851973,0.5292286913757083,11.412140039090893,88.5878599609091,7623.946,6452.52400290966
by_operator,image,,,,image_shape_filter,2844,2844,0,0.5267374913253279,0.45496667052321293,20.768370998798414,79.23162900120158,6439.917,6237.921977519989
by_operator,image,,,,image_size_filter,1896,1896,0,0.7630735100738665,0.5598732494674151,17.427801569218328,82.57219843078167,5373.8679999999995,4470.680629014969
by_operator,image,,,,image_tagging_mapper,1896,1896,0,1.90270531554534,0.9926712252585697,11.782976812030247,88.21702318796976,9563.406,7750.051851630211
by_operator,text,,,,alphanumeric_filter,360,360,0,1.082557730601377,0.8437471454434924,32.24214875957361,67.75785124042639,811.0660000000001,1045.2531036138535
by_operator,text,,,,average_line_length_filter,180,180,0,0.034673406015349,0.027817912424935216,3.4831589711930113,96.516841028807,146.04899999999998,148.85031116008759
by_operator,text,,,,character_repetition_filter,180,180,0,0.40796418752053415,0.33460250511169437,8.276100780409294,91.7238992195907,709.5060000000001,675.4951829910278
by_operator,text,,,,clean_copyright_mapper,540,540,0,0.4399388017868399,0.4075801640863772,25.420374950125264,74.57962504987474,944.077,1163.3308289051056
by_operator,text,,,,clean_email_mapper,360,360,0,0.440228830532505,0.41215213987562394,27.168000251145422,72.83199974885457,548.3,696.6747703552246
by_operator,text,,,,clean_ip_mapper,540,540,0,0.29552127982958437,0.25571052567517316,16.388184748114536,83.61181525188546,943.9590000000001,1076.447645664215
by_operator,text,,,,clean_links_mapper,540,540,0,0.2521766684742464,0.2090099961951927,12.75381641032453,87.24618358967547,953.577,1047.7762699127197
by_operator,text,,,,document_simhash_deduplicator,540,540,0,0.19667334575395576,0.10459874337867453,10.003687381555041,89.99631261844496,531.793,578.5850219726562
by_operator,text,,,,fix_unicode_mapper,360,360,0,0.13322104914788965,0.10971607855690849,6.569710656084991,93.430289343915,679.285,712.5983400344849
by_operator,text,,,,flagged_words_filter,180,180,0,0.051181943605414115,0.04318430697653028,5.440636061252898,94.5593639387471,146.02100000000002,152.91915428638458
by_operator,text,,,,language_id_score_filter,360,360,0,0.3652642370141684,0.23370132608148786,11.801835837399285,88.19816416260072,575.319,654.3820463418961
by_operator,text,,,,maximum_line_length_filter,360,360,0,0.2698987498985277,0.18677787971496584,8.222984034390198,91.7770159656098,776.992,760.366607427597
by_operator,text,,,,perplexity_filter,180,180,0,0.033757228307394464,0.02697596806950038,3.475431709659472,96.52456829034053,141.441,143.3322674036026
by_operator,text,,,,punctuation_normalization_mapper,540,540,0,0.2641358322758005,0.21517251255247327,12.633192314148058,87.36680768585194,1026.704,1107.4015548229218
by_operator,text,,,,remove_long_words_mapper,360,360,0,0.13889669153390047,0.11596959152221681,7.038648384858687,92.96135161514131,667.1589999999999,689.9935231208801
by_operator,text,,,,remove_repeat_sentences_mapper,360,360,0,0.1423800792099182,0.11948589746157327,7.275815156041944,92.72418484395806,670.406,697.1982338428497
by_operator,text,,,,remove_specific_chars_mapper,360,360,0,0.13963947384701283,0.11563321402867635,7.006640604969233,92.99335939503077,668.434,702.1765427589417
by_operator,text,,,,remove_table_text_mapper,360,360,0,0.5437084314810764,0.5222545662985908,30.461884763676718,69.53811523632328,668.77,856.7816438674927
by_operator,text,,,,remove_words_with_incorrect_substrings_mapper,540,540,0,0.3592524452379254,0.3051006550470988,17.481104805009366,82.51889519499063,1075.402,1185.652750968933
by_operator,text,,,,replace_content_mapper,180,180,0,0.5114917556133751,0.4343141158739726,27.984937717136575,72.01506228286343,315.499,388.19884037971497
by_operator,text,,,,sentence_split_mapper,360,360,0,0.1252118230734395,0.10573991841740078,6.312945850244235,93.68705414975577,670.173,693.4423463344574
by_operator,text,,,,stopwords_filter,180,180,0,0.032069938039099244,0.02580895285076563,3.153854098058654,96.84614590194134,145.464,143.13510012626648
by_operator,text,,,,text_action_filter,180,180,0,0.05012561395579049,0.04219790028995936,5.474779143513496,94.5252208564865,141.774,148.5071769952774
by_operator,text,,,,text_entity_dependency_filter,360,360,0,0.09373201535984334,0.08368090427981482,10.543264178005561,89.45673582199444,288.137,318.1375447511673
by_operator,text,,,,text_length_filter,360,360,0,0.8094661525880285,0.6445478450775146,12.99406164848272,87.00593835151727,1613.971,1404.8477659225464
by_operator,text,,,,token_num_filter,180,180,0,0.040536522664473634,0.03323965700467425,4.255730632710346,95.74426936728966,143.39300000000003,148.348925948143
by_operator,text,,,,whitespace_normalization_mapper,540,540,0,0.21609599203143498,0.17911560139832672,10.439614211113145,89.56038578888686,1040.554,1095.2166047096252
by_operator,text,,,,word_repetition_filter,540,540,0,0.2066858751532847,0.1351932810995314,9.755166902791336,90.24483309720867,699.865,730.0806324481964
by_operator,text,,,,words_num_filter,540,540,0,0.3138262448544025,0.21960821573469375,7.377626801674041,92.62237319832596,1370.984,1326.8396162986755
by_operator_chunk_size,audio,100.0,,,audio_add_gaussian_noise_mapper,213,213,0,1.0150957419834554,0.9994251041322807,36.422110433256975,63.577889566743025,592.988,805.8655471801758
by_operator_chunk_size,audio,200.0,,,audio_add_gaussian_noise_mapper,107,107,0,1.0353493936253417,1.0310943088709752,36.648109902419066,63.351890097580934,301.351,411.67809104919434
by_operator_chunk_size,audio,500.0,,,audio_add_gaussian_noise_mapper,43,43,0,1.0742209013059674,1.0642030734572299,37.59639127635276,62.40360872364724,122.19099999999999,167.9517321586609
by_operator_chunk_size,audio,1000.0,,,audio_add_gaussian_noise_mapper,22,22,0,0.7010053377255248,0.6697038210088557,20.018037925391425,79.98196207460857,75.14099999999999,89.87448406219482
by_operator_chunk_size,audio,100.0,,,audio_duration_filter,639,639,0,1.127883354105482,0.9911789068780222,32.36411669511366,67.63588330488633,2087.5499999999997,2720.913321495056
by_operator_chunk_size,audio,200.0,,,audio_duration_filter,321,321,0,1.0785584158437296,0.9747993489559568,31.3724327758265,68.6275672241735,1052.666,1365.576591014862
by_operator_chunk_size,audio,500.0,,,audio_duration_filter,129,129,0,1.0992294622878245,0.9137295547307925,28.615658010451885,71.38434198954812,441.962,559.1423802375793
by_operator_chunk_size,audio,1000.0,,,audio_duration_filter,66,66,0,0.8504299770507368,0.5927683718710235,16.20361414707134,83.79638585292867,263.22900000000004,296.29974126815796
by_operator_chunk_size,audio,100.0,,,audio_ffmpeg_wrapped_mapper,426,426,0,2.6298609151824452,2.392459590428312,125.6220751698207,-25.622075169820704,779.508,1798.695785522461
by_operator_chunk_size,audio,200.0,,,audio_ffmpeg_wrapped_mapper,214,214,0,2.1359769514177405,2.0140235967190465,86.47336716784082,13.52663283215918,510.537,941.538049697876
by_operator_chunk_size,audio,500.0,,,audio_ffmpeg_wrapped_mapper,86,86,0,1.0506844811000402,1.0046632390798524,30.69456537362612,69.30543462637388,387.84,474.2410385608673
by_operator_chunk_size,audio,1000.0,,,audio_ffmpeg_wrapped_mapper,44,44,0,2.1568946632342003,1.744548838702115,21.68952089758692,78.31047910241308,349.9069999999999,303.3902177810669
by_operator_chunk_size,audio,100.0,,,audio_nmf_snr_filter,639,639,0,27.285093993031172,26.9082806935676,143.401277312972,-43.40127731297201,13258.302,30452.693363189697
by_operator_chunk_size,audio,200.0,,,audio_nmf_snr_filter,321,321,0,16.548483242549626,15.616766867569302,44.89262462130899,55.10737537869101,12623.788,17636.770164489746
by_operator_chunk_size,audio,500.0,,,audio_nmf_snr_filter,129,129,0,9.720043445762267,7.662569847639216,9.067005868257173,90.93299413174283,12257.954,12624.291118621826
by_operator_chunk_size,audio,1000.0,,,audio_nmf_snr_filter,66,66,0,23.278245364865146,18.962591765895038,10.528723200418495,89.4712767995815,12112.990000000002,11127.50012588501
by_operator_chunk_size,audio,100.0,,,audio_size_filter,426,426,0,0.32138532851177287,0.31373116640977455,14.107912193400871,85.89208780659914,945.962,813.1445689201355
by_operator_chunk_size,audio,200.0,,,audio_size_filter,214,214,0,0.3333057840985512,0.3266268952628162,14.705703694092549,85.29429630590745,474.73699999999997,406.2110209465027
by_operator_chunk_size,audio,500.0,,,audio_size_filter,86,86,0,0.24920813725444835,0.2399964310402094,10.74449143555368,89.25550856444632,191.42500000000004,170.785306930542
by_operator_chunk_size,audio,1000.0,,,audio_size_filter,44,44,0,0.2308850478199153,0.22091552539305248,9.913574913350594,90.0864250866494,97.71500000000002,87.99471688270569
by_operator_chunk_size,image,100.0,,,image_aspect_ratio_filter,1578,1578,0,0.6047023826805616,0.3976636429207709,16.657090533041586,83.34290946695842,3546.69,2969.467579603195
by_operator_chunk_size,image,200.0,,,image_aspect_ratio_filter,789,789,0,0.8323624571817699,0.6952824868140565,24.428704333814036,75.57129566618596,1949.751,1404.725391983986
by_operator_chunk_size,image,500.0,,,image_aspect_ratio_filter,318,318,0,0.6764812987291624,0.5619176619007903,20.228562849572114,79.77143715042789,792.0210000000001,623.687068939209
by_operator_chunk_size,image,1000.0,,,image_aspect_ratio_filter,159,159,0,0.6342085107657748,0.47154932575705666,18.048391798353833,81.95160820164617,425.07800000000003,379.5403596162796
by_operator_chunk_size,image,100.0,,,image_blur_mapper,526,526,0,0.1626763093996917,0.13643155506989804,14.704632095822497,85.29536790417751,488.944,469.51992654800415
by_operator_chunk_size,image,200.0,,,image_blur_mapper,263,263,0,0.20898462870630302,0.17196256169076202,18.291513219117363,81.70848678088264,246.36599999999999,263.0526840686798
by_operator_chunk_size,image,500.0,,,image_blur_mapper,106,106,0,0.2855581038352189,0.24825283067631274,23.05205290072521,76.94794709927478,110.61800000000001,119.05221426486969
by_operator_chunk_size,image,1000.0,,,image_blur_mapper,53,53,0,0.4981634960296995,0.4063924306113765,25.1907044074131,74.80929559258689,75.89699999999998,56.67242097854614
by_operator_chunk_size,image,100.0,,,image_deduplicator,1578,1578,0,1.4180329503915852,1.3701370966334758,84.61207616121591,15.38792383878409,2559.744,4721.820338487625
by_operator_chunk_size,image,200.0,,,image_deduplicator,789,789,0,1.2551389816312635,1.2290945933768658,75.57083738180121,24.429162618198788,1277.7649999999999,2247.520634174347
by_operator_chunk_size,image,500.0,,,image_deduplicator,318,318,0,1.1828135945321214,1.1442963594220719,68.89750396524644,31.102496034753557,529.248,893.1342422962189
by_operator_chunk_size,image,1000.0,,,image_deduplicator,159,159,0,1.02149950234535,0.9673762279246588,49.86364186509554,50.13635813490446,334.23400000000004,487.54621839523315
by_operator_chunk_size,image,100.0,,,image_detection_yolo_mapper,526,526,0,0.2363003842754774,0.23114162452320636,25.213629391377218,74.78637060862278,479.25199999999995,359.73018527030945
by_operator_chunk_size,image,200.0,,,image_detection_yolo_mapper,263,263,0,0.23207757752101096,0.22700717800923628,24.681907522852775,75.31809247714722,241.27700000000002,182.70307838916779
by_operator_chunk_size,image,500.0,,,image_detection_yolo_mapper,106,106,0,0.2322826502308217,0.22253030669014412,24.22276893796981,75.77723106203018,96.85399999999998,75.01545786857605
by_operator_chunk_size,image,1000.0,,,image_detection_yolo_mapper,53,53,0,0.33150814955740604,0.3139562852247706,30.8462249691763,69.1537750308237,53.178999999999995,36.89557886123657
by_operator_chunk_size,image,100.0,,,image_face_count_filter,526,526,0,0.07436941852502459,0.06067259741192081,7.442551613107751,92.55744838689225,419.5,393.31635105609894
by_operator_chunk_size,image,200.0,,,image_face_count_filter,263,263,0,0.05810151817017689,0.051536920620008135,6.538590141835261,93.46140985816474,204.26800000000003,190.90260076522827
by_operator_chunk_size,image,500.0,,,image_face_count_filter,106,106,0,0.06298774883809748,0.05408849341014648,6.814484299134518,93.18551570086548,82.605,76.95982587337494
by_operator_chunk_size,image,1000.0,,,image_face_count_filter,53,53,0,0.1039359847551682,0.0906125269475973,10.300629271278064,89.69937072872193,45.34,40.94447350502014
by_operator_chunk_size,image,100.0,,,image_face_ratio_filter,526,526,0,0.1404945402471806,0.10573725814783075,13.155537467977451,86.84446253202255,416.43899999999996,381.1828795671463
by_operator_chunk_size,image,200.0,,,image_face_ratio_filter,263,263,0,0.27086277069051445,0.10180823114344377,11.324900630497256,88.67509936950275,213.032,200.98902916908264
by_operator_chunk_size,image,500.0,,,image_face_ratio_filter,106,106,0,0.568972245565137,0.19479330769125025,16.127418215198446,83.87258178480155,103.337,95.81944596767426
by_operator_chunk_size,image,1000.0,,,image_face_ratio_filter,53,53,0,0.9889778558611306,0.38899584379735974,25.861699200272376,74.13830079972763,68.22200000000001,62.72759163379669
by_operator_chunk_size,image,100.0,,,image_nsfw_filter,526,526,0,0.09973367712712933,0.05105985730863796,5.262008243817085,94.73799175618291,442.37700000000007,447.12233316898346
by_operator_chunk_size,image,200.0,,,image_nsfw_filter,263,263,0,0.2884512983497073,0.07092317173961452,4.6978967085546754,95.30210329144532,238.635,239.3239871263504
by_operator_chunk_size,image,500.0,,,image_nsfw_filter,106,106,0,0.6452720078351086,0.17647257743691497,6.7020974556276816,93.29790254437232,128.549,125.65553450584412
by_operator_chunk_size,image,1000.0,,,image_nsfw_filter,53,53,0,1.160131366508361,0.3451282400994931,9.250431067562207,90.7495689324378,93.77300000000002,85.4808315038681
by_operator_chunk_size,image,100.0,,,image_remove_background_mapper,1052,1052,0,0.1822174053106238,0.1265321603002657,9.105098009318885,90.89490199068112,1617.049,1558.2054235935211
by_operator_chunk_size,image,200.0,,,image_remove_background_mapper,526,526,0,0.2809027689177152,0.1987026821723909,10.171595337460802,89.8284046625392,1023.7259999999999,968.4506330490112
by_operator_chunk_size,image,500.0,,,image_remove_background_mapper,212,212,0,0.26790045449637173,0.19077523155932158,8.934859002692852,91.06514099730715,518.418,503.2320337295532
by_operator_chunk_size,image,1000.0,,,image_remove_background_mapper,106,106,0,0.6003973211851883,0.4436179287478608,16.29125808861773,83.70874191138228,318.226,296.30437648296356
by_operator_chunk_size,image,100.0,,,image_segment_mapper,1578,1578,0,0.8848898860452195,0.30573867802444676,10.466426362054225,89.53357363794578,2724.785,2472.004253387451
by_operator_chunk_size,image,200.0,,,image_segment_mapper,789,789,0,1.297007485002795,0.5839326700517584,12.01823324714073,87.98176675285927,2293.455,1920.8982796669006
by_operator_chunk_size,image,500.0,,,image_segment_mapper,318,318,0,1.7115169101353236,0.98299606432105,12.593097268779198,87.4069027312208,1590.3139999999999,1291.2626031637192
by_operator_chunk_size,image,1000.0,,,image_segment_mapper,159,159,0,3.0214476964737913,1.5682713158805415,15.428393134510156,84.57160686548984,1015.392,768.3588666915894
by_operator_chunk_size,image,100.0,,,image_shape_filter,1578,1578,0,0.5035184639771558,0.4413858738465304,21.411702959070578,78.58829704092942,3451.305,3542.5029904842377
by_operator_chunk_size,image,200.0,,,image_shape_filter,789,789,0,0.5751201798371288,0.49499920949947995,21.18638610172047,78.81361389827953,1840.899,1636.6154448986053
by_operator_chunk_size,image,500.0,,,image_shape_filter,318,318,0,0.4986255737848227,0.4254477793795508,18.021910107915932,81.97808989208407,739.014,667.3283412456512
by_operator_chunk_size,image,1000.0,,,image_shape_filter,159,159,0,0.5549502577333647,0.45013542075726976,17.802225173550955,82.19777482644905,408.69899999999996,391.47520089149475
by_operator_chunk_size,image,100.0,,,image_size_filter,1052,1052,0,0.635301910832961,0.43061800262864547,13.774075733457702,86.2259242665423,2913.7250000000004,2601.801614999771
by_operator_chunk_size,image,200.0,,,image_size_filter,526,526,0,0.9613739049731727,0.7868834629385191,23.829407068068146,76.17059293193185,1527.4160000000002,1113.5267279148102
by_operator_chunk_size,image,500.0,,,image_size_filter,212,212,0,0.8518263495340234,0.694514260804878,21.62471320733324,78.37528679266676,611.884,464.64697670936584
by_operator_chunk_size,image,1000.0,,,image_size_filter,106,106,0,0.6099018580482488,0.4469039380055553,13.529026281905296,86.47097371809471,320.84299999999996,290.70530939102173
by_operator_chunk_size,image,100.0,,,image_tagging_mapper,1052,1052,0,1.7665432459660735,0.8365829300708191,11.790968174347814,88.20903182565219,3824.4240000000004,3009.1554819345474
by_operator_chunk_size,image,200.0,,,image_tagging_mapper,526,526,0,1.3235097885638005,0.8451182360431542,10.535432093860248,89.46456790613975,2867.699,2426.2997308969498
by_operator_chunk_size,image,500.0,,,image_tagging_mapper,212,212,0,1.6889771727834042,1.1665384413701183,10.171874406493204,89.8281255935068,1755.1009999999999,1508.5868797302246
by_operator_chunk_size,image,1000.0,,,image_tagging_mapper,106,106,0,4.4030133064238255,2.9262364049677574,21.116517553286776,78.88348244671323,1116.182,806.0097590684891
by_operator_chunk_size,text,100.0,,,alphanumeric_filter,200,200,0,1.0954941188982252,0.8624489350891114,33.81207151616303,66.18792848383697,432.282,565.8774013519287
by_operator_chunk_size,text,200.0,,,alphanumeric_filter,100,100,0,1.180181579620188,0.9206784184074401,35.013922992855534,64.98607700714447,218.84300000000002,290.65978837013245
by_operator_chunk_size,text,500.0,,,alphanumeric_filter,40,40,0,0.9309581380988676,0.7314230193614959,24.893223894156684,75.10677610584332,100.35000000000001,122.82008194923401
by_operator_chunk_size,text,1000.0,,,alphanumeric_filter,20,20,0,0.6294281229508609,0.4967211363315583,17.38189975810368,82.61810024189631,59.591,65.89583194255829
by_operator_chunk_size,text,100.0,,,average_line_length_filter,100,100,0,0.03412209130826453,0.027398817071914657,3.4170273869418737,96.58297261305813,81.17499999999998,82.5743807554245
by_operator_chunk_size,text,200.0,,,average_line_length_filter,50,50,0,0.035355566660544215,0.02911568758010863,3.6432019133425193,96.35679808665748,40.587,41.38111889362335
by_operator_chunk_size,text,500.0,,,average_line_length_filter,20,20,0,0.0358209284809971,0.027421511316299423,3.4893627703566303,96.51063722964336,16.177,16.587257981300354
by_operator_chunk_size,text,1000.0,,,average_line_length_filter,10,10,0,0.03436396467633724,0.026312792396545392,3.3318525046296243,96.66814749537038,8.11,8.30755352973938
by_operator_chunk_size,text,100.0,,,character_repetition_filter,100,100,0,0.47228168018087113,0.3716130966567992,8.991304235022383,91.00869576497762,392.7389999999999,358.48559522628784
by_operator_chunk_size,text,200.0,,,character_repetition_filter,50,50,0,0.30535674257895457,0.2936096828460694,7.482140665716824,92.51785933428317,196.539,195.80316019058228
by_operator_chunk_size,text,500.0,,,character_repetition_filter,20,20,0,0.2907187640353874,0.2693377763748169,6.800358867224473,93.19964113277553,80.86499999999998,80.062997341156
by_operator_chunk_size,text,1000.0,,,character_repetition_filter,10,10,0,0.3606627986442032,0.29999015846252447,8.04535063411041,91.9546493658896,39.36300000000001,41.14343023300171
by_operator_chunk_size,text,100.0,,,clean_copyright_mapper,300,300,0,0.44454921559025223,0.4033413375155131,25.3834342629918,74.6165657370082,524.27,644.9727375507355
by_operator_chunk_size,text,200.0,,,clean_copyright_mapper,150,150,0,0.4226250193467513,0.40009491036733,24.863116437217936,75.13688356278206,261.64,321.6542365550995
by_operator_chunk_size,text,500.0,,,clean_copyright_mapper,60,60,0,0.4528924884922093,0.4337390446345012,26.5734693731988,73.4265306268012,105.17099999999999,130.97834587097168
by_operator_chunk_size,text,1000.0,,,clean_copyright_mapper,30,30,0,0.45200430279356907,0.4350769372940063,26.269885539849497,73.7301144601505,52.996,65.72550892829895
by_operator_chunk_size,text,100.0,,,clean_email_mapper,200,200,0,0.43641359674996744,0.4190544427013397,27.543962376519065,72.45603762348094,305.388,389.19888854026794
by_operator_chunk_size,text,200.0,,,clean_email_mapper,100,100,0,0.43080735637905154,0.39166979734420787,25.8601807199257,74.1398192800743,152.083,191.24997973442078
by_operator_chunk_size,text,500.0,,,clean_email_mapper,40,40,0,0.45987063391909977,0.41581808357238775,27.665750098591126,72.33424990140887,60.513,77.14572334289551
by_operator_chunk_size,text,1000.0,,,clean_email_mapper,20,20,0,0.4826183300083296,0.4382089368820191,28.951976958616143,71.04802304138386,30.316000000000003,39.08017873764038
by_operator_chunk_size,text,100.0,,,clean_ip_mapper,300,300,0,0.2838364225514685,0.24381161868413292,15.669147475392574,84.33085252460742,524.826,593.1431133747101
by_operator_chunk_size,text,200.0,,,clean_ip_mapper,150,150,0,0.3007590915425088,0.26079703018188477,16.70504964612553,83.29495035387447,261.799,300.68650341033936
by_operator_chunk_size,text,500.0,,,clean_ip_mapper,60,60,0,0.31816993892351864,0.2800576482137044,17.905978740876083,82.09402125912392,104.56299999999999,121.36645889282227
by_operator_chunk_size,text,1000.0,,,clean_ip_mapper,30,30,0,0.3340888497291616,0.3005728279749553,18.958644999756082,81.04135500024393,52.77099999999999,61.251569986343384
by_operator_chunk_size,text,100.0,,,clean_links_mapper,300,300,0,0.24544202832423254,0.2159311163965861,13.31549177220375,86.68450822779624,527.251,587.9305214881897
by_operator_chunk_size,text,200.0,,,clean_links_mapper,150,150,0,0.22319613917699493,0.18322040920257568,11.416142179254102,88.58385782074589,264.45599999999996,286.2519762516022
by_operator_chunk_size,text,500.0,,,clean_links_mapper,60,60,0,0.2912614800100957,0.2111338156700134,12.322919580412597,87.6770804195874,107.24100000000001,115.2478883266449
by_operator_chunk_size,text,1000.0,,,clean_links_mapper,30,30,0,0.35143750986171196,0.2644990901947022,14.687227606708353,85.31277239329165,54.62899999999999,58.34588384628296
by_operator_chunk_size,text,100.0,,,document_simhash_deduplicator,300,300,0,0.15729553643914515,0.08481877502759297,10.133798627962907,89.8662013720371,276.867,296.33727037906647
by_operator_chunk_size,text,200.0,,,document_simhash_deduplicator,150,150,0,0.14687869739383785,0.08930996520996094,7.287190790354401,92.7128092096456,156.047,166.5553970336914
by_operator_chunk_size,text,500.0,,,document_simhash_deduplicator,60,60,0,0.3358172792732081,0.19504631269772849,13.917647715605328,86.08235228439467,65.734,76.69559919834137
by_operator_chunk_size,text,1000.0,,,document_simhash_deduplicator,30,30,0,0.3397281001723783,0.19794717909495038,14.457137205379022,85.54286279462097,33.145,38.99675536155701
by_operator_chunk_size,text,100.0,,,fix_unicode_mapper,200,200,0,0.15215571585933213,0.12919178478240967,7.803025644911416,92.19697435508859,377.714,401.9704809188843
by_operator_chunk_size,text,200.0,,,fix_unicode_mapper,100,100,0,0.09332209791355603,0.08069498270034786,4.77763494489322,95.22236505510678,188.16499999999996,193.17763352394104
by_operator_chunk_size,text,500.0,,,fix_unicode_mapper,40,40,0,0.12245619638171408,0.08870228142738346,5.157796139853544,94.84220386014645,75.88300000000001,77.94821381568909
by_operator_chunk_size,text,1000.0,,,fix_unicode_mapper,20,20,0,0.12004804997587866,0.10209208984375003,6.020768356242507,93.97923164375749,37.522999999999996,39.50201177597046
by_operator_chunk_size,text,100.0,,,flagged_words_filter,100,100,0,0.05083218604890242,0.0422426730632782,5.310212408790758,94.68978759120924,81.46000000000001,84.9150310754776
by_operator_chunk_size,text,200.0,,,flagged_words_filter,50,50,0,0.05313116509848654,0.045060051612854,5.715789307827983,94.28421069217202,40.269,42.44180464744568
by_operator_chunk_size,text,500.0,,,flagged_words_filter,20,20,0,0.05117689888666816,0.044849688529968255,5.627400314811826,94.37259968518818,16.195,17.066406965255737
by_operator_chunk_size,text,1000.0,,,flagged_words_filter,10,10,0,0.04428068940375976,0.03989115982055663,4.995577845881024,95.00442215411897,8.097,8.495911598205566
by_operator_chunk_size,text,100.0,,,language_id_score_filter,200,200,0,0.3367270552934535,0.21793235871791838,13.092900148391482,86.90709985160852,276.576,318.322163939476
by_operator_chunk_size,text,200.0,,,language_id_score_filter,100,100,0,0.28727760840418143,0.19101213667869565,8.253354970640972,91.74664502935903,182.272,198.55679190158844
by_operator_chunk_size,text,500.0,,,language_id_score_filter,40,40,0,0.5150464965344307,0.3425007403373719,13.100720941968868,86.89927905803113,77.637,91.03948616981506
by_operator_chunk_size,text,1000.0,,,language_id_score_filter,20,20,0,0.5696352559707378,0.38723811821937565,14.035826852129698,85.9641731478703,38.834,46.46360433101654
by_operator_chunk_size,text,100.0,,,maximum_line_length_filter,200,200,0,0.24691776184893124,0.16294170227050786,8.217681424968859,91.78231857503114,383.98199999999997,395.2671175003052
by_operator_chunk_size,text,200.0,,,maximum_line_length_filter,100,100,0,0.334353024412657,0.2429124888896942,8.939893386171404,91.0601066138286,244.839,223.53774416446686
by_operator_chunk_size,text,500.0,,,maximum_line_length_filter,40,40,0,0.2278878450816406,0.1793021350622177,7.192028714261174,92.80797128573883,100.122,93.97891676425934
by_operator_chunk_size,text,1000.0,,,maximum_line_length_filter,20,20,0,0.19674033098469512,0.1594180975914002,6.753374009955593,93.24662599004441,48.049,47.582828998565674
by_operator_chunk_size,text,100.0,,,perplexity_filter,100,100,0,0.03463425953424671,0.027784134693145737,3.5524213411788335,96.44757865882117,78.791,79.51173186302185
by_operator_chunk_size,text,200.0,,,perplexity_filter,50,50,0,0.03497665852680402,0.027541597099304198,3.5975087468987486,96.40249125310125,39.028,39.77525210380554
by_operator_chunk_size,text,500.0,,,perplexity_filter,20,20,0,0.024537981087586477,0.020269607973098736,2.596100147621496,97.4038998523785,15.812,16.015971541404724
by_operator_chunk_size,text,1000.0,,,perplexity_filter,10,10,0,0.03457644803746644,0.02947887687683105,3.853813332345422,96.14618666765458,7.8100000000000005,8.029311895370483
by_operator_chunk_size,text,100.0,,,punctuation_normalization_mapper,300,300,0,0.2811014962988681,0.23166820185343426,13.812589375899545,86.18741062410045,568.7049999999999,625.4112238883972
by_operator_chunk_size,text,200.0,,,punctuation_normalization_mapper,150,150,0,0.23836137872639998,0.19155470208485922,11.04043934263553,88.95956065736448,285.86799999999994,300.2705223560333
by_operator_chunk_size,text,500.0,,,punctuation_normalization_mapper,60,60,0,0.23441908379800702,0.19508783696492513,11.298391127765539,88.70160887223446,113.95599999999999,121.00784015655518
by_operator_chunk_size,text,1000.0,,,punctuation_normalization_mapper,30,30,0,0.2676815679174895,0.20847402305603027,11.472588926960865,88.52741107303913,58.17499999999999,60.711968421936035
by_operator_chunk_size,text,100.0,,,remove_long_words_mapper,200,200,0,0.15929116994717074,0.13586586165428163,8.247868008382582,91.75213199161742,370.96400000000006,384.9645936489105
by_operator_chunk_size,text,200.0,,,remove_long_words_mapper,100,100,0,0.10972611500964385,0.09179915836334228,5.5848110405177955,94.41518895948221,185.36700000000002,190.495192527771
by_operator_chunk_size,text,500.0,,,remove_long_words_mapper,40,40,0,0.10448933090099705,0.08789939446449277,5.30097097090056,94.69902902909944,74.12,76.34169697761536
by_operator_chunk_size,text,1000.0,,,remove_long_words_mapper,20,20,0,0.10718827450768381,0.09399945011138919,5.690993699240483,94.30900630075952,36.708,38.19203996658325
by_operator_chunk_size,text,100.0,,,remove_repeat_sentences_mapper,200,200,0,0.1374002398652716,0.1174845747566223,7.080052904666295,92.91994709533371,372.39599999999996,384.2681951522827
by_operator_chunk_size,text,200.0,,,remove_repeat_sentences_mapper,100,100,0,0.1478194243525457,0.12254104724884035,7.522975387154998,92.477024612845,186.34099999999995,195.11251306533813
by_operator_chunk_size,text,500.0,,,remove_repeat_sentences_mapper,40,40,0,0.15325668405023207,0.12501883192062374,7.780492741505421,92.21950725849457,74.536,78.46980333328247
by_operator_chunk_size,text,1000.0,,,remove_repeat_sentences_mapper,20,20,0,0.14100061192324476,0.11315750665664674,6.988281343306217,93.01171865669379,37.132999999999996,39.34772229194641
by_operator_chunk_size,text,100.0,,,remove_specific_chars_mapper,200,200,0,0.16293782300741888,0.13908180788040161,8.472343293662917,91.52765670633708,371.395,396.8168840408325
by_operator_chunk_size,text,200.0,,,remove_specific_chars_mapper,100,100,0,0.0981828729439851,0.08364721000671388,5.037634552176932,94.96236544782306,185.18500000000003,190.29301738739014
by_operator_chunk_size,text,500.0,,,remove_specific_chars_mapper,40,40,0,0.11256184114989676,0.08686328673362734,5.113608999744329,94.88639100025567,74.707,76.54590249061584
by_operator_chunk_size,text,1000.0,,,remove_specific_chars_mapper,20,20,0,0.1093536797968778,0.09861715021133428,5.980707192443722,94.01929280755628,37.147,38.52073884010315
by_operator_chunk_size,text,100.0,,,remove_table_text_mapper,200,200,0,0.5158916294794595,0.4919112476825714,28.83860952531333,71.16139047468667,371.935,470.3172495365143
by_operator_chunk_size,text,200.0,,,remove_table_text_mapper,100,100,0,0.5592159268933772,0.5401342051887511,31.42392456701927,68.57607543298073,185.866,239.87942051887512
by_operator_chunk_size,text,500.0,,,remove_table_text_mapper,40,40,0,0.603512093496743,0.5914402240753175,34.26551886089076,65.73448113910925,73.84899999999999,97.5066089630127
by_operator_chunk_size,text,1000.0,,,remove_table_text_mapper,20,20,0,0.6063264469125225,0.5979182424545287,34.27716993616984,65.72283006383016,37.12,49.078364849090576
by_operator_chunk_size,text,100.0,,,remove_words_with_incorrect_substrings_mapper,300,300,0,0.33684516548405563,0.2758585864194234,15.980638334282117,84.01936166571788,598.748,657.4022629261017
by_operator_chunk_size,text,200.0,,,remove_words_with_incorrect_substrings_mapper,150,150,0,0.38391481100647795,0.3445745816294352,19.57692694774512,80.42307305225488,296.98,327.5376214981079
by_operator_chunk_size,text,500.0,,,remove_words_with_incorrect_substrings_mapper,60,60,0,0.3740252142493937,0.3250649877866109,18.237249001734373,81.76275099826563,120.08300000000001,133.31717562675476
by_operator_chunk_size,text,1000.0,,,remove_words_with_incorrect_substrings_mapper,30,30,0,0.4144061557585718,0.3602230429331461,20.494370405153024,79.50562959484698,59.59100000000001,67.39569091796875
by_operator_chunk_size,text,100.0,,,replace_content_mapper,100,100,0,0.5278936559184474,0.46360500581741326,29.98590162247993,70.01409837752007,171.52600000000004,214.5882112979889
by_operator_chunk_size,text,200.0,,,replace_content_mapper,50,50,0,0.5517891300486759,0.4852026261138916,31.533694506240213,68.46630549375979,84.90700000000001,107.97314643859863
by_operator_chunk_size,text,500.0,,,replace_content_mapper,20,20,0,0.3877768225017825,0.27204578485488895,16.876401180404837,83.12359881959516,38.81599999999999,43.398706674575806
by_operator_chunk_size,text,1000.0,,,replace_content_mapper,10,10,0,0.315299256517005,0.21149932727813708,12.44858779164829,87.5514122083517,20.25,22.238775968551636
by_operator_chunk_size,text,100.0,,,sentence_split_mapper,200,200,0,0.1416280847116224,0.12181980063438416,7.4030236833636875,92.59697631663632,372.24,392.08511757850647
by_operator_chunk_size,text,200.0,,,sentence_split_mapper,100,100,0,0.10532096303632399,0.09088188621520998,5.172178955913113,94.82782104408689,186.397,187.42940425872803
by_operator_chunk_size,text,500.0,,,sentence_split_mapper,40,40,0,0.08791999780900842,0.07367900147438042,4.311559022996443,95.68844097700355,74.433,75.74244618415833
by_operator_chunk_size,text,1000.0,,,sentence_split_mapper,20,20,0,0.10342383370358614,0.08335309114456185,5.118775645200916,94.88122435479909,37.103,38.185378313064575
by_operator_chunk_size,text,100.0,,,stopwords_filter,100,100,0,0.03404144980214529,0.027082934770584096,3.316425827737671,96.68357417226233,80.48700000000001,79.33737623691559
by_operator_chunk_size,text,200.0,,,stopwords_filter,50,50,0,0.027346427749286608,0.021943105201721186,2.6812301637780376,97.31876983622196,40.480000000000004,39.803104400634766
by_operator_chunk_size,text,500.0,,,stopwords_filter,20,20,0,0.03516030660230022,0.029718027877807595,3.590495824149354,96.40950417585064,16.316,15.971970558166504
by_operator_chunk_size,text,1000.0,,,stopwords_filter,10,10,0,0.026698759234839293,0.02458022184371945,3.017973020490174,96.98202697950983,8.181,8.022648930549622
by_operator_chunk_size,text,100.0,,,text_action_filter,100,100,0,0.05111693040970758,0.04263058752059935,5.549082852386098,94.45091714761391,78.574,82.41512250900269
by_operator_chunk_size,text,200.0,,,text_action_filter,50,50,0,0.05082898995151413,0.04415297544479369,5.716648093530247,94.28335190646975,39.294000000000004,41.20038378238678
by_operator_chunk_size,text,500.0,,,text_action_filter,20,20,0,0.04808662435863409,0.04099493436813353,5.279019799104749,94.72098020089526,15.891,16.57204008102417
by_operator_chunk_size,text,1000.0,,,text_action_filter,10,10,0,0.039425948473405546,0.030501584053039543,3.9139159935212247,96.08608400647877,8.015,8.31963062286377
by_operator_chunk_size,text,100.0,,,text_entity_dependency_filter,200,200,0,0.09126910749738257,0.08261722373008727,10.39631958423997,89.60368041576002,159.921,176.3490698337555
by_operator_chunk_size,text,200.0,,,text_entity_dependency_filter,100,100,0,0.0943719412827408,0.08235562703132629,10.380845605709837,89.61915439429016,80.227,88.43909823894501
by_operator_chunk_size,text,500.0,,,text_entity_dependency_filter,40,40,0,0.10018348582546072,0.0907121171236038,11.475773736431634,88.52422626356837,31.943,35.57148468494415
by_operator_chunk_size,text,1000.0,,,text_entity_dependency_filter,20,20,0,0.10118376676220654,0.08688167033195496,10.959783860287965,89.04021613971203,16.046,17.777891993522644
by_operator_chunk_size,text,100.0,,,text_length_filter,200,200,0,0.86166272715761,0.6765357524299621,13.484660553499763,86.51533944650023,894.641,765.2754549980164
by_operator_chunk_size,text,200.0,,,text_length_filter,100,100,0,0.8114532589627982,0.6597946606826781,13.293454128799063,86.70654587120094,450.55899999999997,390.4431223869324
by_operator_chunk_size,text,500.0,,,text_length_filter,40,40,0,0.6450173534478452,0.5582894854545594,11.712053077335051,88.28794692266494,179.614,164.76985216140747
by_operator_chunk_size,text,1000.0,,,text_length_filter,20,20,0,0.49521193009722747,0.4209514127731323,9.155127339025935,90.84487266097406,89.15700000000001,84.35933637619019
by_operator_chunk_size,text,100.0,,,token_num_filter,100,100,0,0.03834605197469603,0.03093871844291685,3.9437001465745105,96.05629985342549,80.045,82.39447891712189
by_operator_chunk_size,text,200.0,,,token_num_filter,50,50,0,0.04299355970307158,0.0362527777290344,4.658034048463178,95.34196595153682,39.614000000000004,41.18695151805878
by_operator_chunk_size,text,500.0,,,token_num_filter,20,20,0,0.04051453509464954,0.03466266803741452,4.447198030207722,95.55280196979228,15.837,16.48712134361267
by_operator_chunk_size,text,1000.0,,,token_num_filter,10,10,0,0.04846123241368252,0.03833741693496704,4.981583620309772,95.01841637969022,7.897000000000001,8.28037416934967
by_operator_chunk_size,text,100.0,,,whitespace_normalization_mapper,300,300,0,0.23306062824364496,0.1926797146924337,11.351303150050981,88.64869684994902,578.253,619.0819962024689
by_operator_chunk_size,text,200.0,,,whitespace_normalization_mapper,150,150,0,0.1969211073214976,0.16323219038645428,9.405705426952522,90.59429457304748,288.07,296.6798589229584
by_operator_chunk_size,text,500.0,,,whitespace_normalization_mapper,60,60,0,0.18173559435586278,0.15631659663518266,8.94766001906326,91.05233998093674,115.888,119.44214940071106
by_operator_chunk_size,text,1000.0,,,whitespace_normalization_mapper,30,30,0,0.19348584048527687,0.16848953304290767,9.476177126637662,90.52382287336233,58.34299999999998,60.01260018348694
by_operator_chunk_size,text,100.0,,,word_repetition_filter,300,300,0,0.21720257253785097,0.1409274758752187,11.061953881280813,88.93804611871919,344.70399999999995,362.92171251773834
by_operator_chunk_size,text,200.0,,,word_repetition_filter,150,150,0,0.13740850840721108,0.09597278855005899,7.222195002354691,92.7778049976453,219.15599999999998,220.40023028850555
by_operator_chunk_size,text,500.0,,,word_repetition_filter,60,60,0,0.24092640344292904,0.16984497564633694,9.15105186434641,90.84894813565359,90.669,97.2069102525711
by_operator_chunk_size,text,1000.0,,,word_repetition_filter,30,30,0,0.29440921851371815,0.20465040699640907,10.560386696969676,89.43961330303033,45.33600000000001,49.55177938938141
by_operator_chunk_size,text,100.0,,,words_num_filter,300,300,0,0.3802129011192877,0.2787456424077352,9.392176810453142,90.60782318954686,736.2919999999999,702.1276922225952
by_operator_chunk_size,text,200.0,,,words_num_filter,150,150,0,0.22370385420907257,0.1591170098368327,5.003295390273202,94.9967046097268,396.90600000000006,384.4663619995117
by_operator_chunk_size,text,500.0,,,words_num_filter,60,60,0,0.1684402018864284,0.1319180414358775,4.884789394211586,95.11521060578842,158.42699999999996,159.40392792224884
by_operator_chunk_size,text,1000.0,,,words_num_filter,30,30,0,0.14207265159407972,0.10607032709121701,4.089458585812124,95.91054141418788,79.359,80.84163415431976
